City_ID,City,Country,Latitude,longitude,Maximum temperature,Percent humidity,Percent cloudiness,Wind Speed,Weather description
0,Mutsu,JP,41.2894,141.2169,61.12,85,100,11.12,overcast clouds
1,Mataura,NZ,-46.1927,168.8643,47.48,98,100,5.75,light rain
2,Aklavik,CA,68.2191,-135.0107,30.92,79,100,6.31,overcast clouds
3,Kruisfontein,ZA,-34.0033,24.7314,48.88,74,37,6.04,scattered clouds
4,Hay River,CA,60.8156,-115.7999,39.31,70,91,14.34,overcast clouds
5,Nikolskoye,RU,59.7035,30.7861,50.4,70,12,8.59,light rain
6,Atuona,PF,-9.8,-139.0333,78.39,76,27,19.48,scattered clouds
7,Ushuaia,AR,-54.8,-68.3,44.22,75,75,23.02,light intensity drizzle
8,Albany,US,42.6001,-73.9662,62.1,87,87,1.01,overcast clouds
9,Cap Malheureux,MU,-19.9842,57.6142,71.47,92,98,5.01,light rain
10,Srednekolymsk,RU,67.45,153.6833,19.76,76,29,2.91,scattered clouds
11,Punta Arenas,CL,-53.15,-70.9167,48.11,45,34,25.34,scattered clouds
12,Faanui,PF,-16.4833,-151.75,79.79,74,44,12.84,scattered clouds
13,Kabalo,CD,-6.05,26.9167,74.26,78,100,3.65,overcast clouds
14,Severo-Kurilsk,RU,50.6789,156.125,50.81,94,100,18.14,moderate rain
15,Hithadhoo,MV,-0.6,73.0833,82.72,68,99,15.14,overcast clouds
16,Hilo,US,19.7297,-155.09,81.39,79,75,10.36,moderate rain
17,Vaini,TO,-21.2,-175.2,77.16,83,75,9.22,broken clouds
18,Komsomolskiy,UZ,40.4272,71.7189,42.22,75,13,2.3,few clouds
19,Ilulissat,GL,69.2167,-51.1,32.02,86,75,0.0,broken clouds
20,Bredasdorp,ZA,-34.5322,20.0403,57.27,78,85,3.29,overcast clouds
21,Chokurdakh,RU,70.6333,147.9167,19.63,88,100,6.06,overcast clouds
22,Nileshwar,IN,12.25,75.1,77.54,90,35,5.35,scattered clouds
23,La Rioja,ES,42.25,-2.5,47.48,94,100,3.51,overcast clouds
24,Hastings,GB,50.8552,0.5729,53.78,98,55,11.36,broken clouds
25,Cape Town,ZA,-33.9258,18.4232,64.11,53,98,4.56,overcast clouds
26,Mandalgovi,MN,45.7625,106.2708,35.6,37,3,8.25,clear sky
27,Marshall,US,34.3834,-86.3333,75.61,73,1,1.01,clear sky
28,Yellowknife,CA,62.456,-114.3525,36.41,100,100,4.0,light rain
29,Kapaa,US,22.0752,-159.319,84.18,71,20,5.01,light rain
30,Carnarvon,AU,-24.8667,113.6333,68.07,68,0,18.41,clear sky
31,Haines Junction,CA,60.7522,-137.5108,39.25,59,20,2.26,few clouds
32,Norman Wells,CA,65.282,-126.8329,31.03,87,96,6.98,overcast clouds
33,Roma,US,43.2128,-75.4557,67.84,80,90,10.36,overcast clouds
34,Esperance,AU,-33.8667,121.9,63.19,41,100,23.31,overcast clouds
35,Songkhla,TH,6.8333,100.6667,77.05,88,26,3.65,scattered clouds
36,Saint George,US,37.1041,-113.5841,74.62,27,1,4.0,clear sky
37,Husavik,IS,66.0449,-17.3389,34.93,96,100,2.57,light rain
38,Nome,US,64.5011,-165.4064,41.16,69,1,4.61,clear sky
39,Vestmannaeyjar,IS,63.4427,-20.2734,42.57,72,39,12.08,scattered clouds
40,Genhe,CN,50.7833,121.5167,36.39,79,1,3.02,clear sky
41,Arraial Do Cabo,BR,-22.9661,-42.0278,67.73,85,100,21.79,light rain
42,East London,ZA,-33.0153,27.9116,59.4,68,13,18.57,few clouds
43,Hobart,AU,-42.8794,147.3294,54.27,48,20,1.99,few clouds
44,Tuktoyaktuk,CA,69.4541,-133.0374,30.0,76,98,5.66,overcast clouds
45,Port Alfred,ZA,-33.5906,26.891,58.3,74,23,20.71,few clouds
46,Dikson,RU,73.5069,80.5464,29.55,65,100,20.4,overcast clouds
47,Almaznyy,RU,48.0448,40.045,48.34,66,8,7.72,clear sky
48,Tasiilaq,GL,65.6145,-37.6368,32.16,53,5,3.04,clear sky
49,Utete,TZ,-7.986,38.758,71.65,92,93,1.25,overcast clouds
50,North Bend,US,43.4065,-124.2243,59.23,77,20,9.22,few clouds
51,Meulaboh,ID,4.1363,96.1285,76.17,86,100,3.0,overcast clouds
52,Hurghada,EG,27.2574,33.8129,79.5,46,3,13.82,clear sky
53,Cidreira,BR,-30.1811,-50.2056,64.99,80,99,20.2,overcast clouds
54,Saint-Philippe,RE,-21.3585,55.7679,71.15,88,6,5.32,clear sky
55,Cayenne,GF,4.9333,-52.3333,83.08,81,0,3.0,clear sky
56,Port Lincoln,AU,-34.7333,135.8667,55.47,51,5,12.64,clear sky
57,Portland,US,45.5234,-122.6762,58.6,66,75,3.0,broken clouds
58,Narsaq,GL,60.9167,-46.05,30.42,47,19,2.42,few clouds
59,Grand Gaube,MU,-20.0064,57.6608,71.38,92,99,5.01,light rain
60,Lavrentiya,RU,65.5833,-171.0,30.67,79,54,3.47,broken clouds
61,Codrington,AU,-38.2667,141.9667,53.31,56,74,11.03,broken clouds
62,Port Elizabeth,ZA,-33.918,25.5701,51.1,76,38,10.83,scattered clouds
63,Mao,ES,39.8885,4.2658,59.56,88,0,6.91,clear sky
64,Dinghai,CN,26.2847,119.7936,78.73,80,42,25.34,scattered clouds
65,Rikitea,PF,-23.1203,-134.9692,74.82,79,98,17.83,overcast clouds
66,Sept-Iles,CA,50.2001,-66.3821,49.05,90,84,3.78,broken clouds
67,San Jeronimo,PE,-11.9472,-75.2829,56.62,67,66,5.79,broken clouds
68,Puerto Ayora,EC,-0.7393,-90.3518,69.55,88,61,5.99,broken clouds
69,Pevek,RU,69.7008,170.3133,23.61,92,100,5.19,light snow
70,Kosh-Agach,RU,50.0,88.6667,18.09,85,100,1.99,overcast clouds
71,Upernavik,GL,72.7868,-56.1549,33.33,97,100,10.87,light snow
72,Ribeira Grande,PT,38.5167,-28.7,69.48,92,100,25.68,overcast clouds
73,Castro,BR,-24.7911,-50.0119,56.44,97,99,11.95,overcast clouds
74,Georgetown,MY,5.4112,100.3354,78.89,89,20,0.0,few clouds
75,Bluff,NZ,-46.6,168.3333,47.8,90,100,9.31,light rain
76,New Norfolk,AU,-42.7826,147.0587,54.66,51,85,5.01,overcast clouds
77,Antofagasta,CL,-23.65,-70.4,67.21,62,10,4.59,clear sky
78,Lebu,CL,-37.6167,-73.65,50.52,88,9,13.24,clear sky
79,Hohhot,CN,40.8106,111.6522,42.4,35,0,3.8,clear sky
80,Rio Gallegos,AR,-51.6226,-69.2181,43.72,65,43,8.14,scattered clouds
81,Dhidhdhoo,MV,6.8833,73.1,82.89,79,100,20.45,overcast clouds
82,Baijiantan,CN,45.6333,85.1833,52.21,40,100,25.14,overcast clouds
83,Aykhal,RU,66.0,111.5,17.69,93,100,17.25,light snow
84,Terrace,CA,54.5163,-128.6035,49.42,98,100,0.69,light rain
85,Mahebourg,MU,-20.4081,57.7,71.26,91,96,8.9,light rain
86,San Patricio,US,28.017,-97.5169,86.05,73,40,18.66,scattered clouds
87,Ponta Do Sol,PT,32.6667,-17.1,72.23,69,17,5.08,few clouds
88,Hermanus,ZA,-34.4187,19.2345,63.9,62,98,7.49,overcast clouds
89,Novotroitskaya,RU,45.3267,41.5253,51.75,95,12,2.24,few clouds
90,Luderitz,NA,-26.6481,15.1594,71.1,35,6,4.21,clear sky
91,Altos Del Rosario,CO,8.7944,-74.1658,76.53,90,46,1.63,scattered clouds
92,Beisfjord,NO,68.3751,17.5988,49.05,93,100,3.29,overcast clouds
93,Yaguajay,CU,22.3272,-79.2378,74.34,89,90,5.84,light rain
94,Takab,IR,36.4009,47.1133,47.97,46,0,4.76,clear sky
95,Naze,JP,28.3667,129.4833,77.88,86,64,16.46,broken clouds
96,Kandi,BJ,11.1342,2.9386,78.26,68,64,5.79,broken clouds
97,Jamestown,US,42.097,-79.2353,65.79,84,1,7.0,clear sky
98,Busselton,AU,-33.65,115.3333,60.08,82,98,17.54,overcast clouds
99,Alcudia,ES,39.8532,3.1214,64.26,71,4,3.67,clear sky
100,Pueblo Nuevo,MX,23.3833,-105.3833,63.19,92,59,3.44,broken clouds
101,Airai,TL,-8.9266,125.4092,74.25,45,97,1.99,overcast clouds
102,Cabo San Lucas,MX,22.8909,-109.9124,91.62,72,1,1.01,clear sky
103,Fairbanks,US,64.8378,-147.7164,37.6,94,90,5.75,light rain
104,Chuy,UY,-33.6971,-53.4616,60.6,78,97,13.8,overcast clouds
105,Itaueira,BR,-7.6033,-43.0256,86.63,30,96,2.95,overcast clouds
106,Songjianghe,CN,42.1859,127.479,44.02,63,0,2.66,clear sky
107,Thompson,CA,55.7435,-97.8558,49.51,57,87,5.41,overcast clouds
108,Hyderabad,IN,17.3753,78.4744,74.71,94,40,4.61,mist
109,Blytheville,US,35.9273,-89.919,80.58,57,1,11.01,clear sky
110,Qaanaaq,GL,77.484,-69.3632,29.79,86,100,8.39,overcast clouds
111,Saldanha,ZA,-33.0117,17.9442,61.7,49,89,8.16,overcast clouds
112,Coahuayana,MX,18.7333,-103.6833,87.28,84,95,2.68,overcast clouds
113,Belmonte,BR,-15.8631,-38.8828,74.14,92,79,7.52,broken clouds
114,Omsukchan,RU,62.5333,155.8,20.23,75,9,5.26,clear sky
115,Nsanje,MW,-16.92,35.262,73.31,78,10,7.34,clear sky
116,Razole,IN,16.4833,81.8333,75.88,91,32,3.36,scattered clouds
117,Longyearbyen,SJ,78.2186,15.6401,28.24,74,75,8.05,broken clouds
118,Viedma,AR,-40.8135,-62.9967,58.35,56,0,18.16,clear sky
119,Ekhabi,RU,53.5102,142.9671,46.62,91,100,28.66,moderate rain
120,Qaqortoq,GL,60.7167,-46.0333,30.7,50,19,3.53,few clouds
121,Butaritari,KI,3.0707,172.7902,81.75,65,31,8.68,scattered clouds
122,Yokadouma,CM,3.5167,15.05,67.71,99,84,2.62,broken clouds
123,Egvekinot,RU,66.3167,-179.1667,20.71,83,91,6.22,overcast clouds
124,Jiuquan,CN,39.7432,98.5174,38.66,32,2,4.97,clear sky
125,Porto Seguro,BR,-16.4497,-39.0647,74.46,90,65,7.94,broken clouds
126,Kudahuvadhoo,MV,2.6708,72.8944,82.87,75,98,14.85,overcast clouds
127,Provideniya,RU,64.3833,-173.3,33.91,80,90,6.71,overcast clouds
128,Avarua,CK,-21.2078,-159.775,78.85,73,100,9.22,overcast clouds
129,Kysyl-Syr,RU,63.8986,122.7617,32.79,94,97,9.71,overcast clouds
130,Bambous Virieux,MU,-20.3428,57.7575,71.22,92,97,8.61,light rain
131,Onega,RU,63.9061,38.1404,49.62,93,100,12.03,overcast clouds
132,Metlaltoyuca,MX,20.7333,-97.85,83.93,84,82,4.99,broken clouds
133,Coolum Beach,AU,-26.5333,153.1,80.11,60,35,9.98,scattered clouds
134,Kaeo,NZ,-35.1,173.7833,69.33,56,47,9.64,scattered clouds
135,Honggang,CN,46.4667,124.8667,48.09,52,0,11.01,clear sky
136,Abu Dhabi,AE,24.4667,54.3667,86.02,62,0,4.61,clear sky
137,Bull Savanna,JM,17.8868,-77.5902,77.58,75,50,6.46,scattered clouds
138,Beihai,CN,21.4833,109.1,78.46,89,100,14.99,light rain
139,Okhotsk,RU,59.3833,143.3,27.19,76,25,12.82,scattered clouds
140,Saint-Joseph,RE,-21.3667,55.6167,70.16,84,2,5.59,clear sky
141,Ravar,IR,31.2656,56.8055,55.71,29,0,3.44,clear sky
142,Sambava,MG,-14.2667,50.1667,66.58,83,24,8.05,few clouds
143,Adrar,MR,20.5022,-10.0711,85.53,13,91,4.81,overcast clouds
144,Vila Franca Do Campo,PT,37.7167,-25.4333,70.21,88,100,10.94,overcast clouds
145,Vardo,NO,70.3705,31.1107,44.35,90,100,7.63,overcast clouds
146,Deputatskiy,RU,69.3,139.9,21.88,81,100,3.27,overcast clouds
147,Mar Del Plata,AR,-38.0023,-57.5575,58.08,60,40,10.0,scattered clouds
148,Ambilobe,MG,-13.2,49.05,71.55,65,53,3.04,broken clouds
149,Harper,LR,4.375,-7.7169,77.76,88,98,9.53,overcast clouds
150,Cap-Aux-Meules,CA,47.3821,-61.8597,54.88,76,62,11.77,broken clouds
151,Teya,RU,60.3778,92.6267,22.23,87,66,3.42,broken clouds
152,Sur,OM,22.5667,59.5289,81.41,56,0,5.97,clear sky
153,Copiapo,CL,-27.3667,-70.3333,53.29,23,13,1.21,few clouds
154,Dzaoudzi,YT,-12.7887,45.2699,75.09,88,75,0.0,light rain
155,Mandurah,AU,-32.55,115.7,66.16,71,100,17.65,overcast clouds
156,Mahibadhoo,MV,3.7833,72.9667,82.6,77,73,17.07,broken clouds
157,Mlonggo,ID,-6.5333,110.7,80.49,66,89,11.63,overcast clouds
158,Bethel,US,41.3712,-73.414,62.96,89,90,3.0,overcast clouds
159,Keti Bandar,PK,24.1447,67.4497,79.5,80,0,10.65,clear sky
160,Maebaru,JP,33.55,130.2,84.94,67,25,2.26,scattered clouds
161,Ucluelet,CA,48.9329,-125.5528,53.1,76,99,5.99,overcast clouds
162,Saskylakh,RU,71.9167,114.0833,23.13,96,100,8.63,overcast clouds
163,Batticaloa,LK,7.7102,81.6924,79.95,75,100,3.69,moderate rain
164,Sao Joao Da Barra,BR,-21.6403,-41.0511,68.45,89,100,18.92,overcast clouds
165,Jambi,ID,-1.6,103.6167,75.02,96,100,1.32,light rain
166,Santiago,CL,-33.4569,-70.6483,66.29,53,0,9.22,clear sky
167,Mackay,AU,-21.15,149.2,84.69,56,27,7.07,scattered clouds
168,Ahipara,NZ,-35.1667,173.1667,61.18,60,91,9.84,overcast clouds
169,Hasaki,JP,35.7333,140.8333,77.29,67,35,15.12,scattered clouds
170,Barrow,US,71.2906,-156.7887,26.62,80,75,8.05,broken clouds
171,Yinchuan,CN,38.4681,106.2731,45.45,47,0,5.57,clear sky
172,Kungurtug,RU,50.5994,97.5228,24.57,71,6,2.53,clear sky
173,Lompoc,US,34.6391,-120.4579,80.78,66,1,14.97,clear sky
174,Rudnya,RU,54.947,31.0934,35.87,79,33,5.46,scattered clouds
175,Manjeshwar,IN,12.7194,74.8861,77.95,91,32,4.79,scattered clouds
176,Ust-Karsk,RU,52.7011,118.8077,37.85,72,4,3.83,clear sky
177,Kutum,SD,14.2,24.6667,83.1,20,89,10.63,overcast clouds
178,Muli,MV,2.9167,73.5667,82.9,75,83,16.42,broken clouds
179,Predivinsk,RU,57.0669,93.4378,33.94,94,100,4.76,overcast clouds
180,Luanda,AO,-8.8368,13.2343,73.24,81,52,7.27,broken clouds
181,Riyadh,SA,24.6877,46.7219,75.34,18,0,2.04,clear sky
182,Quatre Cocos,MU,-20.2078,57.7625,71.1,92,98,8.05,light rain
183,San Quintin,MX,30.4833,-115.95,70.61,63,0,12.55,clear sky
184,Geraldton,AU,-28.7667,114.6,58.12,82,40,5.75,scattered clouds
185,Jumla,NP,29.2747,82.1838,49.15,68,0,5.26,clear sky
186,Kaabong,UG,3.4836,34.1492,68.2,64,16,10.16,few clouds
187,Lagoa,PT,39.05,-27.9833,70.39,89,100,21.79,overcast clouds
188,Hami,CN,42.8,93.45,45.5,27,2,5.41,clear sky
189,Boundiali,CI,9.5217,-6.4869,72.63,94,96,1.97,light rain
190,Clyde River,CA,70.4692,-68.5914,32.4,77,100,3.87,overcast clouds
191,Mecca,SA,21.4267,39.8261,83.89,42,4,1.57,clear sky
192,Talnakh,RU,69.4865,88.3972,23.29,95,96,8.28,light snow
193,Chaihe,CN,44.7667,129.7,47.91,54,0,13.04,clear sky
194,Nyagan,RU,62.1406,65.3936,27.77,66,9,4.99,clear sky
195,Wajir,KE,1.7471,40.0573,77.16,65,24,14.25,few clouds
196,Saint-Pierre,RE,-21.3393,55.4781,71.24,71,0,6.91,clear sky
197,Torbay,CA,47.6666,-52.7314,42.76,82,37,1.01,scattered clouds
198,Batagay,RU,67.6333,134.6333,31.89,75,100,5.82,overcast clouds
199,Lovozero,RU,68.005,35.0117,40.96,97,100,1.83,overcast clouds
200,Marzuq,YE,14.4,46.4667,76.6,61,41,2.53,scattered clouds
201,Khatanga,RU,71.9667,102.5,15.94,96,100,5.41,light snow
202,Saint-Leu,RE,-21.15,55.2833,70.63,73,0,0.89,clear sky
203,Veracruz,MX,19.3333,-96.6667,77.86,90,31,3.02,scattered clouds
204,Camana,PE,-16.6228,-72.7111,63.75,85,80,7.61,broken clouds
205,Gilgit,PK,35.9221,74.3087,56.75,78,100,5.93,overcast clouds
206,Cordoba,AR,-31.4135,-64.1811,64.6,84,75,1.01,broken clouds
207,Feijo,BR,-8.1642,-70.3536,78.24,76,72,3.36,broken clouds
208,Kingaroy,AU,-26.5333,151.8333,75.6,44,75,9.71,broken clouds
209,Newton,US,42.337,-71.2092,62.06,87,90,1.01,overcast clouds
210,Sao Filipe,CV,14.8961,-24.4956,80.28,73,0,3.51,clear sky
211,Pochutla,MX,15.7432,-96.4661,83.82,79,64,5.75,broken clouds
212,Wuda,CN,39.4994,106.7117,42.96,33,0,18.63,clear sky
213,Lata,PT,40.1629,-8.3327,66.06,55,13,4.92,few clouds
214,Kodiak,US,57.79,-152.4072,45.45,69,100,9.48,overcast clouds
215,Barreirinhas,BR,-2.7469,-42.8264,79.7,79,35,11.07,scattered clouds
216,Beni Suef,EG,29.0731,31.0979,72.82,61,0,10.36,clear sky
217,Kayerkan,RU,69.3497,87.7602,22.33,94,100,8.5,light snow
218,San Luis,AR,-33.295,-66.3356,57.38,70,42,4.99,scattered clouds
219,Yining,CN,29.0361,114.5636,59.63,88,100,4.52,overcast clouds
220,San Juan,AR,-31.5375,-68.5364,70.95,31,2,6.82,clear sky
221,Aksarka,RU,66.5606,67.7975,26.06,87,15,4.07,few clouds
222,Murrhardt,DE,48.9819,9.5705,41.99,86,8,2.59,clear sky
223,Hornepayne,CA,49.2138,-84.7705,63.12,94,100,10.71,overcast clouds
224,Kasongo,CD,-4.45,26.6667,67.77,92,77,4.32,broken clouds
225,Rawson,AR,-43.3002,-65.1023,61.97,52,18,5.68,few clouds
226,Anadyr,RU,64.75,177.4833,23.5,92,75,5.99,broken clouds
227,Tiksi,RU,71.6872,128.8694,29.21,97,100,8.1,light snow
228,Leh,IN,34.1667,77.5833,38.93,48,0,4.14,clear sky
229,Bathsheba,BB,13.2167,-59.5167,81.81,78,100,18.1,overcast clouds
230,Katsuura,JP,35.1333,140.3,80.19,68,48,14.76,scattered clouds
231,Lima,PE,-12.0432,-77.0282,63.9,80,90,11.5,overcast clouds
232,Poso,ID,-1.3959,120.7524,82.09,70,100,4.0,overcast clouds
233,Harlingen,US,26.1906,-97.6961,87.33,81,1,19.57,clear sky
234,Olafsvik,IS,64.8945,-23.7142,40.32,60,19,1.39,few clouds
235,Tabuk,PH,17.4189,121.4443,72.86,99,100,4.54,heavy intensity rain
236,Victoria,HK,22.2855,114.1577,85.21,80,87,3.0,overcast clouds
237,Kollam,IN,8.8833,76.6,78.67,87,92,1.9,overcast clouds
238,Camacari,BR,-12.6975,-38.3242,71.85,84,1,6.4,clear sky
239,Panzhihua,CN,26.5851,101.7128,66.81,86,99,1.45,overcast clouds
240,Tessalit,ML,20.1986,1.0114,83.55,11,90,7.81,overcast clouds
241,Puerto Narino,CO,-3.7703,-70.3831,80.55,71,94,2.64,overcast clouds
242,Kropotkin,RU,45.4375,40.5756,49.73,84,9,12.24,clear sky
243,Strelka,RU,58.0728,93.0344,26.6,93,92,6.17,overcast clouds
244,Arinos,BR,-15.9169,-46.1056,79.02,61,92,3.69,moderate rain
245,Sfantu Gheorghe,RO,45.8667,25.7833,38.93,52,77,4.94,broken clouds
246,Lorengau,PG,-2.0226,147.2712,85.19,66,72,3.6,broken clouds
247,Isangel,VU,-19.55,169.2667,78.49,61,3,9.73,clear sky
248,Ancud,CL,-41.8697,-73.8203,50.43,88,100,6.26,overcast clouds
249,Pisco,PE,-13.7,-76.2167,62.65,82,0,8.05,clear sky
250,Alofi,NU,-19.0595,-169.9187,77.34,78,100,4.07,overcast clouds
251,Pordim,BG,43.3833,24.85,52.32,82,99,7.94,overcast clouds
252,Menongue,AO,-14.6585,17.691,66.79,25,22,5.41,few clouds
253,Merauke,ID,-8.4667,140.3333,81.63,69,89,9.69,overcast clouds
254,Ialibu,PG,-6.2821,143.9935,58.57,98,100,1.14,overcast clouds
255,Dalhousie,IN,32.5333,75.9833,51.82,41,0,9.55,clear sky
256,Moundsville,US,39.9203,-80.7431,70.16,83,63,2.13,broken clouds
257,Berdigestyakh,RU,62.0989,126.6992,32.94,82,96,10.22,overcast clouds
258,Ambulu,ID,-8.345,113.6058,78.06,73,87,3.06,overcast clouds
259,Hobyo,SO,5.3505,48.5268,78.33,88,48,15.86,scattered clouds
260,Belen,TR,36.4891,36.2233,66.02,88,0,0.0,clear sky
261,Pacific Grove,US,36.6177,-121.9166,79.99,77,1,1.99,clear sky
262,Winnemucca,US,40.973,-117.7357,64.45,25,1,10.36,clear sky
263,Lumphat,KH,13.4878,106.9816,75.18,98,100,0.78,overcast clouds
264,Umba,RU,66.6871,34.3429,47.43,99,100,3.09,overcast clouds
265,Kaitangata,NZ,-46.2817,169.8464,53.67,76,100,5.75,overcast clouds
266,Great Bend,US,38.3645,-98.7648,55.53,95,90,1.01,moderate rain
267,Baykit,RU,61.67,96.37,21.11,84,50,6.31,scattered clouds
268,Sorland,NO,67.667,12.6934,49.64,82,97,10.76,overcast clouds
269,Ternate,ID,0.8,127.4,83.39,76,94,5.44,overcast clouds
270,Lakes Entrance,AU,-37.8811,147.981,57.16,59,12,7.7,few clouds
271,Oktyabrskiy,RU,54.4815,53.471,39.4,86,99,2.82,overcast clouds
272,Ozernovskiy,RU,51.5,156.5167,48.04,89,100,21.65,moderate rain
273,Havre-Saint-Pierre,CA,50.2334,-63.5986,49.01,91,95,11.88,overcast clouds
274,Noumea,NC,-22.2763,166.4572,84.18,99,0,7.09,clear sky
275,Daru,PG,-9.0763,143.2092,80.46,77,100,8.19,overcast clouds
276,Djambala,CG,-2.5447,14.7533,68.41,95,99,5.3,light rain
277,Boa Vista,BR,2.8197,-60.6733,76.3,88,86,3.67,moderate rain
278,Rock Springs,US,41.5875,-109.2029,53.04,43,1,5.01,clear sky
279,Dibulla,CO,11.2725,-73.3091,78.94,88,95,3.47,overcast clouds
280,Sungaipenuh,ID,-2.0833,101.3833,64.62,99,100,2.42,overcast clouds
281,Cherskiy,RU,68.75,161.3,10.99,91,71,5.14,broken clouds
282,Fort-Shevchenko,KZ,44.5086,50.263,52.34,58,83,9.28,broken clouds
283,Sinnamary,GF,5.3833,-52.95,79.86,87,81,11.65,broken clouds
284,Elko,US,41.0002,-115.5012,59.74,35,5,8.99,clear sky
285,Dingle,PH,10.9995,122.6711,78.33,92,96,11.77,overcast clouds
286,Grindavik,IS,63.8424,-22.4338,37.87,93,75,3.44,broken clouds
287,Vila Velha,BR,-20.3297,-40.2925,67.95,100,90,2.3,mist
288,Iqaluit,CA,63.7506,-68.5145,32.7,86,41,1.99,scattered clouds
289,Ufimskiy,RU,56.7084,58.0517,32.88,95,74,2.39,broken clouds
290,Kandrian,PG,-6.2167,149.55,80.92,79,100,2.93,overcast clouds
291,Venezuela,VE,8.0,-66.0,86.09,61,86,5.19,overcast clouds
292,Methoni,GR,36.8197,21.7049,66.22,80,43,8.97,scattered clouds
293,Dwarka,IN,22.2394,68.9678,81.66,77,2,6.42,clear sky
294,Savannah Bight,HN,16.45,-85.85,82.99,72,5,8.81,clear sky
295,Ulcinj,ME,41.9294,19.2244,59.92,93,100,9.48,overcast clouds
296,Puerto Del Rosario,ES,28.5004,-13.8627,73.15,64,42,10.36,scattered clouds
297,Rognedino,RU,53.8015,33.5576,36.16,77,5,2.35,clear sky
298,Les Cayes,HT,18.2,-73.75,79.11,78,63,1.66,broken clouds
299,Lasa,IT,46.6166,10.7002,39.36,66,4,7.34,clear sky
300,Zaigrayevo,RU,51.8336,108.2703,20.46,72,0,1.45,clear sky
301,Sisimiut,GL,66.9395,-53.6735,33.44,80,98,4.85,overcast clouds
302,Dom Pedrito,BR,-30.9828,-54.6731,62.49,96,100,10.33,overcast clouds
303,Rajapur,IN,25.3833,81.15,75.29,59,1,3.65,clear sky
304,Bata,GQ,1.8639,9.7658,76.28,87,84,0.22,broken clouds
305,Tahta,EG,26.7693,31.5021,83.08,20,52,6.29,broken clouds
306,High Level,CA,58.5169,-117.136,41.11,87,75,4.61,broken clouds
307,Ibadan,NG,7.3878,3.8964,72.48,98,100,3.2,overcast clouds
308,Gizo,SB,-8.103,156.8419,84.25,72,76,7.43,broken clouds
309,Poum,NC,-20.2333,164.0167,75.42,65,11,18.66,few clouds
310,Ivanishchi,RU,55.7742,40.4273,43.14,82,46,4.36,scattered clouds
311,Fortuna,US,40.5982,-124.1573,62.19,67,64,4.0,broken clouds
312,Aksu,CN,41.1231,80.2644,48.38,31,100,1.16,overcast clouds
313,Nakusp,CA,50.2499,-117.8023,46.47,83,94,3.29,overcast clouds
314,Turukhansk,RU,65.8167,87.9833,25.88,75,100,11.32,overcast clouds
315,Marystown,CA,47.1666,-55.1483,49.86,100,23,10.74,few clouds
316,Nanortalik,GL,60.1432,-45.2371,36.41,64,3,1.72,clear sky
317,Trairi,BR,-3.2778,-39.2689,79.43,72,5,11.61,clear sky
318,Sitka,US,57.0531,-135.33,49.89,76,75,3.44,broken clouds
319,Doha,QA,25.2867,51.5333,82.38,58,0,5.75,clear sky
320,Seoul,KR,37.5683,126.9778,58.51,50,99,1.74,overcast clouds
321,Binga,ZW,-17.6203,27.3414,71.71,61,53,7.38,broken clouds
322,Rio Grande,BR,-32.035,-52.0986,63.95,79,93,19.86,overcast clouds
323,Suleja,NG,9.1758,7.1808,72.7,96,94,2.75,overcast clouds
324,Matara,LK,5.9485,80.5353,77.92,89,88,12.41,overcast clouds
325,Dzhebariki-Khaya,RU,62.2167,135.8,32.67,64,100,4.88,overcast clouds
326,Bambanglipuro,ID,-7.95,110.2833,77.74,79,94,8.01,overcast clouds
327,Tiarei,PF,-17.5333,-149.3333,86.02,76,55,10.67,broken clouds
328,Coihaique,CL,-45.5752,-72.0662,49.95,71,75,3.44,light rain
329,Butembo,CD,0.15,29.2833,58.86,95,100,2.66,overcast clouds
330,Pozo Colorado,PY,-23.4923,-58.7972,73.02,88,98,2.28,overcast clouds
331,San Julian,MX,21.0167,-102.1667,71.87,63,34,5.75,scattered clouds
332,Broome,US,42.2506,-75.833,64.2,77,75,1.01,broken clouds
333,Stephenville,US,32.2207,-98.2023,87.89,58,40,13.8,scattered clouds
334,Puerto Madryn,AR,-42.7692,-65.0385,64.49,48,30,12.8,scattered clouds
335,Manaus,BR,-3.1019,-60.025,86.49,70,40,10.36,scattered clouds
336,Santa Cruz,BO,-17.8,-63.1667,81.86,65,40,16.11,scattered clouds
337,Altay,CN,47.8667,88.1167,38.21,47,95,4.38,overcast clouds
338,Deniliquin,AU,-35.5333,144.9667,55.99,35,0,11.72,clear sky
339,Magadan,RU,59.5667,150.8,34.41,46,1,11.27,clear sky
340,Port Pirie,AU,-33.1833,138.0167,57.29,35,1,9.17,clear sky
341,Abha,SA,18.2164,42.5053,62.85,24,0,5.75,clear sky
342,Chachapoyas,PE,-6.2317,-77.869,55.18,96,53,4.18,light rain
343,Ascension,US,30.2169,-90.9001,81.0,75,1,6.91,clear sky
344,Quepos,CR,9.4236,-84.1652,83.05,88,55,3.33,broken clouds
345,Port Hardy,CA,50.6996,-127.4199,49.5,76,89,8.95,light rain
346,Sidney,AU,-33.8679,151.2073,54.32,92,100,1.01,overcast clouds
347,Saint-Louis,SN,16.3333,-15.0,83.64,53,4,12.95,clear sky
348,Carman,CA,49.4992,-98.0016,52.12,89,100,11.59,overcast clouds
349,Frederico Westphalen,BR,-27.3592,-53.3944,61.56,86,93,4.81,moderate rain
350,Bilibino,RU,68.0546,166.4372,5.85,95,92,1.59,overcast clouds
351,Ilo,PE,-17.6394,-71.3375,61.63,86,38,6.35,scattered clouds
352,Vanimo,PG,-2.6741,141.3028,82.04,82,99,3.96,overcast clouds
353,Laguna,US,38.421,-121.4238,82.49,29,1,1.99,clear sky
354,Roald,NO,62.5833,6.1333,51.17,93,90,11.5,heavy intensity drizzle
355,Naryan-Mar,RU,67.6713,53.087,30.69,95,100,9.95,overcast clouds
356,Teeli,RU,51.0333,90.2333,33.04,59,100,1.25,overcast clouds
357,Nova Prata,BR,-28.7839,-51.61,61.29,95,92,3.2,overcast clouds
358,Miri,MY,4.4148,114.0089,79.75,88,100,5.19,overcast clouds
359,Senneterre,CA,48.3835,-77.2328,59.22,96,100,8.05,overcast clouds
360,Salto De Agua,MX,17.6167,-92.3667,86.02,87,45,2.62,scattered clouds
361,Grenada,ES,37.1882,-3.6067,62.19,70,0,1.01,clear sky
362,Sabancuy,MX,18.9667,-91.1833,82.26,77,54,6.49,broken clouds
363,Bozhou,CN,33.8772,115.7703,55.69,54,100,9.86,light rain
364,Amapa,BR,1.0,-52.0,74.28,94,92,5.82,overcast clouds
365,Hamilton,US,39.1834,-84.5333,77.09,75,1,1.01,clear sky
366,Bueno Brandao,BR,-22.4408,-46.3508,60.64,96,100,3.65,overcast clouds
367,Gat,IL,31.61,34.7642,70.39,67,0,4.61,clear sky
368,Winfield,US,37.2398,-96.9956,66.29,68,90,17.27,light rain
369,Tawang,IN,27.5833,91.8667,53.11,80,70,2.13,broken clouds
370,Pativilca,PE,-10.7,-77.7833,62.87,88,52,6.58,broken clouds
371,Angoche,MZ,-16.2325,39.9086,74.8,88,12,3.22,few clouds
372,Quesnel,CA,52.9999,-122.5029,43.3,75,75,2.3,broken clouds
373,Margate,GB,51.3813,1.3862,53.69,81,58,3.0,broken clouds
374,Praia Da Vitoria,PT,38.7333,-27.0667,72.75,94,100,13.89,overcast clouds
375,Macau,MO,22.2006,113.5461,83.07,78,0,16.11,clear sky
376,Mikhaylovka,RU,50.06,43.2379,43.9,57,79,4.65,broken clouds
377,Mago,RU,53.2514,140.1822,43.03,92,100,14.76,moderate rain
378,Auki,SB,-8.7676,160.7034,81.12,78,100,3.33,overcast clouds
379,Uray,RU,60.1247,64.7758,27.0,65,6,5.39,clear sky
380,Bandarbeyla,SO,9.4942,50.8122,78.91,86,82,21.9,broken clouds
381,Bonnyville,CA,54.2668,-110.735,44.76,81,98,8.39,overcast clouds
382,Bowen,AU,-20.0167,148.2333,77.92,55,8,8.97,clear sky
383,Corvallis,US,44.5646,-123.262,57.88,72,40,9.22,scattered clouds
384,Salamiyah,SY,35.0113,37.0532,66.51,54,37,2.77,scattered clouds
385,Homer,US,59.6425,-151.5483,48.07,64,1,0.0,clear sky
386,Teguldet,RU,57.3064,88.1667,26.46,82,100,5.03,overcast clouds
387,Osorio,BR,-29.8867,-50.2697,63.09,84,97,11.1,overcast clouds
388,Pingzhuang,CN,42.0372,119.2889,46.08,38,0,3.83,clear sky
389,General Roca,AR,-39.0333,-67.5833,73.8,17,14,8.81,few clouds
390,Nishihara,JP,26.1842,127.7558,83.48,87,90,16.11,heavy intensity rain
391,Salinopolis,BR,-0.6136,-47.3561,80.76,80,53,10.71,broken clouds
392,Krasnoselkup,RU,65.7,82.4667,25.0,82,52,11.27,broken clouds
393,Kashi,CN,39.4547,75.9797,45.48,54,90,4.21,overcast clouds
394,Kuytun,RU,54.3419,101.5036,34.72,72,63,3.06,broken clouds
395,Mogadishu,SO,2.0371,45.3438,78.08,86,23,12.86,few clouds
396,Tolaga Bay,NZ,-38.3667,178.3,61.84,60,2,11.52,clear sky
397,Moree,AU,-29.4667,149.85,64.42,82,90,9.22,light rain
398,Burnie,AU,-41.0667,145.9167,56.95,41,3,3.38,clear sky
399,Imeni Zhelyabova,RU,58.9544,36.5956,40.71,82,21,6.96,few clouds
400,Chardara,KZ,41.2547,67.9692,49.78,37,0,5.61,clear sky
401,Nizhniy Kuranakh,RU,58.8353,125.4869,31.51,82,93,11.79,overcast clouds
402,Batemans Bay,AU,-35.7167,150.1833,60.19,49,93,8.01,overcast clouds
403,Acapulco,MX,16.8634,-99.8901,85.82,66,40,2.3,scattered clouds
404,Nantucket,US,41.2835,-70.0995,63.01,90,100,25.81,heavy intensity rain
405,Piacabucu,BR,-10.4056,-36.4344,76.42,79,74,10.89,broken clouds
406,Lakatoro,VU,-16.0999,167.4164,81.52,75,99,15.03,overcast clouds
407,Takoradi,GH,4.8845,-1.7554,76.08,89,100,8.55,overcast clouds
408,Bengkulu,ID,-3.8004,102.2655,76.06,90,92,5.26,overcast clouds
409,Tromso,NO,69.6496,18.957,45.25,93,90,5.75,overcast clouds
410,Bara,NG,10.3744,10.7288,74.95,84,96,7.61,overcast clouds
411,Bakchar,RU,57.0186,82.0711,26.8,79,99,4.47,overcast clouds
412,Ovalle,CL,-30.5983,-71.2003,61.3,46,1,2.73,clear sky
413,Rabo De Peixe,PT,37.8,-25.5833,69.31,94,75,11.5,broken clouds
414,Svobodnyy,RU,51.4,128.1333,40.14,73,7,12.1,clear sky
415,De Aar,ZA,-30.6497,24.0123,55.89,17,59,6.26,broken clouds
416,Namibe,AO,-15.1961,12.1522,68.79,87,77,1.7,broken clouds
417,Saint-Augustin,CA,51.226,-58.6502,50.11,69,39,2.89,scattered clouds
418,Kasulu,TZ,-4.5767,30.1025,71.89,56,94,3.27,overcast clouds
419,Omboue,GA,-1.5746,9.2618,76.24,86,100,3.33,overcast clouds
420,Abu Zabad,SD,12.35,29.25,81.39,51,100,6.26,overcast clouds
421,Novoselytsya,UA,48.2193,26.2653,45.97,42,9,2.04,clear sky
422,Skjervoy,NO,70.0311,20.9714,48.69,85,100,1.48,overcast clouds
423,Guerrero Negro,MX,27.9769,-114.0611,75.07,59,0,15.99,clear sky
424,Sotnikovo,RU,51.8845,107.4791,21.29,93,0,6.71,clear sky
425,Kintampo,GH,8.0563,-1.7306,74.17,89,100,5.86,overcast clouds
426,Phetchabun,TH,16.25,101.0833,76.08,96,100,2.1,light rain
427,Camacha,PT,33.0833,-16.3333,68.76,73,20,8.05,few clouds
428,Kurilsk,RU,45.2333,147.8833,54.03,92,100,23.8,overcast clouds
429,Igarka,RU,67.4667,86.5833,26.17,85,100,14.16,overcast clouds
430,Los Llanos De Aridane,ES,28.6585,-17.9182,67.75,81,0,9.22,clear sky
431,Alpena,US,45.0617,-83.4327,69.12,97,75,9.22,light rain
432,Leningradskiy,RU,69.3833,178.4167,23.49,91,100,4.83,overcast clouds
433,Santa Maria,BR,-29.6842,-53.8069,63.23,94,96,7.78,overcast clouds
434,Bhatkal,IN,13.9667,74.5667,77.41,89,44,3.96,scattered clouds
435,Westport,US,41.1415,-73.3579,65.19,89,90,10.0,overcast clouds
436,Sibolga,ID,1.7427,98.7792,76.12,88,96,2.55,overcast clouds
437,Mangrol,IN,21.1167,70.1167,81.77,76,39,2.26,scattered clouds
438,Flinders,AU,-34.5833,150.8552,61.05,72,100,5.99,overcast clouds
439,Pangnirtung,CA,66.1451,-65.7125,28.4,100,75,0.0,fog
440,Berlevag,NO,70.8578,29.0864,44.08,88,100,7.45,overcast clouds
441,Brandfort,ZA,-28.7001,26.4597,49.41,34,0,15.79,clear sky
442,Biharamulo,TZ,-2.6319,31.3089,64.92,73,86,3.06,overcast clouds
443,Sechura,PE,-5.5569,-80.8222,67.33,79,30,16.02,scattered clouds
444,Cockburn Town,TC,21.4612,-71.1419,82.36,69,40,9.22,scattered clouds
445,San Clemente,US,33.427,-117.612,84.94,73,0,1.01,clear sky
446,Talcher,IN,20.95,85.2167,73.94,72,20,3.87,few clouds
447,Bama,NG,11.5221,13.6856,79.05,59,82,5.14,broken clouds
448,Hollins,US,37.3413,-79.9431,67.91,93,20,0.0,few clouds
449,Mweka,CD,-4.85,21.5667,70.07,96,99,4.54,overcast clouds
450,Kavieng,PG,-2.5744,150.7967,84.13,69,54,6.33,broken clouds
451,Kviteseid,NO,59.4022,8.4927,47.1,94,53,5.26,broken clouds
452,Ponta Delgada,PT,37.7333,-25.6667,70.52,94,75,11.5,broken clouds
453,Imeni Poliny Osipenko,RU,52.4201,136.4853,42.03,74,100,14.23,overcast clouds
454,Iskateley,RU,67.6803,53.1512,30.58,94,100,10.0,overcast clouds
455,Swellendam,ZA,-34.0226,20.4417,50.38,40,89,2.24,overcast clouds
456,Tivaouane,SN,14.9515,-16.8129,79.14,80,25,6.24,scattered clouds
457,Itarema,BR,-2.9248,-39.9167,79.38,75,6,16.33,clear sky
458,Stepantsevo,RU,56.1314,41.7032,44.76,86,49,4.72,scattered clouds
459,Funadhoo,MV,6.15,73.2667,82.72,78,67,20.31,broken clouds
460,Wangou,CN,42.0623,126.9127,44.62,58,0,1.77,clear sky
461,Savda,IN,21.15,75.8833,75.72,74,41,1.39,scattered clouds
462,Mehran,IR,33.1222,46.1646,77.23,13,0,9.51,clear sky
463,Point Pedro,LK,9.8167,80.2333,81.3,83,100,14.23,very heavy rain
464,Trinidad,BO,-14.8333,-64.9,89.87,39,83,4.94,broken clouds
465,Lahat,ID,-3.8,103.5333,77.5,81,89,1.3,overcast clouds
466,Mount Gambier,AU,-37.8333,140.7667,53.8,49,93,7.85,overcast clouds
467,Neiafu,TO,-18.65,-173.9833,77.68,83,75,5.75,broken clouds
468,Krasnyy Chikoy,RU,50.3643,108.7512,33.08,77,9,3.22,clear sky
469,Chirongui,YT,-12.9319,45.1483,75.13,78,13,10.27,light rain
470,Aswan,EG,24.0934,32.907,87.19,24,11,9.1,few clouds
471,Supata,CO,5.061,-74.2372,69.53,97,98,1.83,overcast clouds
472,Soe,ID,-9.8607,124.284,80.46,37,99,2.39,overcast clouds
473,Gillette,US,44.2911,-105.5022,58.24,45,1,5.99,clear sky
474,Monte Azul,BR,-15.155,-42.8747,75.02,72,76,7.47,broken clouds
475,Pringsewu,ID,-5.3582,104.9744,78.01,87,100,3.38,overcast clouds
476,Clovis,US,36.8252,-119.7029,78.48,36,20,6.91,smoke
477,Tanout,NE,14.9709,8.8879,85.26,14,100,8.48,overcast clouds
478,Upanema,BR,-5.6419,-37.2578,80.65,56,29,18.52,scattered clouds
479,Chara,RU,56.9064,118.2631,29.64,61,16,4.76,few clouds
480,Qiongshan,CN,20.0058,110.3542,78.78,94,40,4.47,light rain
481,Lafiagi,NG,8.8667,5.4167,77.29,86,99,4.03,overcast clouds
482,Hirara,JP,24.8,125.2833,80.87,89,75,25.32,broken clouds
483,Itoman,JP,26.1247,127.6694,86.02,80,75,18.41,moderate rain
484,Oloron-Sainte-Marie,FR,43.1944,-0.6107,53.53,89,72,2.33,broken clouds
485,Muros,ES,42.7762,-9.0603,64.24,72,2,9.64,clear sky
486,Eureka,US,40.8021,-124.1637,61.66,70,46,7.0,scattered clouds
487,Nizhniy Odes,RU,63.6445,54.856,33.19,98,100,7.65,snow
488,La Tuque,CA,47.4334,-72.7824,55.65,82,100,4.61,overcast clouds
489,Maumere,ID,-8.6199,122.2111,82.08,69,86,5.46,overcast clouds
490,Aleksandrov Gay,RU,50.147,48.5704,45.18,50,1,3.98,clear sky
491,Broken Hill,AU,-31.95,141.4333,53.01,52,58,15.93,broken clouds
492,Marsaxlokk,MT,35.8419,14.5431,67.08,59,0,12.66,clear sky
493,Alta Floresta,BR,-9.8756,-56.0861,79.74,63,92,1.21,overcast clouds
494,Kapoeta,SS,4.7717,33.5903,81.39,45,46,10.25,scattered clouds
495,Bubaque,GW,11.2833,-15.8333,82.42,78,84,8.08,broken clouds
496,Descalvado,BR,-21.9039,-47.6194,65.28,92,100,7.81,overcast clouds
497,Opuwo,NA,-18.0607,13.84,74.48,17,0,2.33,clear sky
498,Nelson Bay,AU,-32.7167,152.15,58.1,94,100,1.99,overcast clouds
499,Labuhan,ID,-6.8844,112.2051,80.82,69,76,11.68,broken clouds
500,Savelugu,GH,9.6244,-0.8253,79.12,74,80,7.09,broken clouds
501,Ahwa,IN,20.75,73.6833,70.97,86,54,2.98,broken clouds
502,Novopokrovka,UA,49.8425,36.5477,43.18,57,100,5.99,overcast clouds
503,Caravelas,BR,-17.7125,-39.2481,72.41,92,99,5.75,overcast clouds
504,Karaton,ID,-6.3424,106.1045,81.95,80,77,1.21,broken clouds
505,Novolabinskaya,RU,45.1096,39.894,43.95,88,18,8.72,few clouds
506,Beian,NO,63.6559,9.5683,50.0,87,75,17.27,broken clouds
507,Kahului,US,20.8947,-156.47,82.42,77,40,25.32,scattered clouds
508,Mount Isa,AU,-20.7333,139.5,67.77,100,90,13.8,overcast clouds
509,Catia La Mar,VE,10.6038,-67.0303,84.4,70,20,0.0,few clouds
510,Klaksvik,FO,62.2266,-6.589,43.72,82,98,12.15,overcast clouds
511,Valleyview,CA,55.0667,-117.2859,46.44,39,26,14.97,scattered clouds
512,Alyangula,AU,-13.8483,136.4192,83.71,66,87,11.92,overcast clouds
513,Grand Baie,MU,-20.0182,57.5802,73.87,92,98,4.0,light rain
514,Palmer,US,42.1584,-72.3287,61.63,76,90,1.01,overcast clouds
515,Puerto Baquerizo Moreno,EC,-0.9,-89.6,68.77,81,33,11.03,scattered clouds
516,Aukra,NO,62.7925,6.919,48.76,81,90,8.05,light intensity shower rain
517,Flin Flon,CA,54.7682,-101.865,56.23,53,100,7.94,overcast clouds
518,Kerema,PG,-7.9631,145.7785,76.57,87,100,4.14,overcast clouds
519,La Sarre,CA,48.8002,-79.1996,59.81,96,73,9.95,broken clouds
520,Puerto Ayacucho,VE,5.6639,-67.6236,76.28,90,99,5.12,overcast clouds
521,Nikolayevsk-Na-Amure,RU,53.1406,140.73,44.01,95,100,17.0,moderate rain
522,Yumen,CN,40.2833,97.2,36.32,31,25,11.1,scattered clouds
523,Belaya Gora,RU,68.5333,146.4167,23.32,63,100,3.04,overcast clouds
524,Te Anau,NZ,-45.4167,167.7167,37.0,99,100,2.55,heavy intensity rain
525,Iquitos,PE,-3.7481,-73.2472,80.64,74,20,3.44,few clouds
526,Cuitareo,MX,19.6167,-100.6,67.95,86,44,4.07,scattered clouds
527,Genc,TR,38.7507,40.5603,58.24,20,0,5.32,clear sky
528,Salalah,OM,17.0151,54.0924,80.69,78,75,3.44,broken clouds
529,Raudeberg,NO,61.9875,5.1352,48.87,78,100,17.6,overcast clouds
530,Tuatapere,NZ,-46.1333,167.6833,47.82,95,100,4.21,moderate rain
531,Vanderhoof,CA,54.0166,-124.0198,45.86,49,90,10.38,overcast clouds
532,Swansea,GB,51.6208,-3.9432,54.45,85,57,6.51,broken clouds
533,Nador,MA,35.174,-2.9287,68.25,83,20,11.5,few clouds
534,Cabedelo,BR,-6.9811,-34.8339,77.67,77,21,12.17,few clouds
535,Caraquet,CA,47.7941,-64.9386,49.33,90,100,4.81,overcast clouds
536,De-Kastri,RU,51.4667,140.7833,42.66,93,100,23.11,overcast clouds
537,Gazojak,TM,41.1875,61.4036,48.4,42,1,3.22,clear sky
538,Real,PH,14.6625,121.6047,86.14,85,99,13.38,overcast clouds
539,Fukue,JP,32.6881,128.8419,77.36,88,75,3.44,broken clouds
540,Pingyin,CN,36.2831,116.4453,51.64,61,24,6.98,light rain
541,Mabaruma,GY,8.2,-59.7833,79.34,83,46,6.02,scattered clouds
542,San Vicente,AR,-26.6167,-54.1333,62.67,90,91,3.33,overcast clouds
543,Yabrud,SY,33.9674,36.6574,57.52,31,57,2.8,broken clouds
544,Livadiya,RU,42.8692,132.6764,53.96,58,23,17.11,few clouds
545,Mahenge,TZ,-8.6833,36.7167,60.48,84,91,3.24,overcast clouds
546,Pampa,US,35.5362,-100.9599,53.64,100,90,16.11,overcast clouds
547,Simga,IN,21.6333,81.7,75.72,69,20,4.14,few clouds
548,Petropavlovsk-Kamchatskiy,RU,53.0452,158.6483,37.99,100,90,22.37,shower sleet
549,Marawi,PH,7.9986,124.2928,76.64,82,92,9.01,overcast clouds
550,Nuristan,AF,35.3,70.8333,31.53,56,0,5.68,clear sky
551,Piet Retief,ZA,-27.0071,30.8132,50.58,73,100,1.66,overcast clouds
552,Changji,CN,44.0167,87.3167,41.79,60,0,6.71,clear sky
553,Bonthe,SL,7.5264,-12.505,77.92,87,44,5.5,light rain
554,Garowe,SO,8.4054,48.4845,77.23,75,91,13.2,light rain
555,Brewster,US,41.3973,-73.6171,62.92,91,90,1.01,overcast clouds
556,Pitimbu,BR,-7.4706,-34.8086,77.59,79,51,9.95,broken clouds
557,Saint-Francois,FR,46.4154,3.9054,38.68,95,90,2.3,fog
558,Marsh Harbour,BS,26.5412,-77.0636,82.65,63,19,5.53,few clouds
559,Manadhoo,MV,5.7667,73.3833,82.72,78,73,19.51,broken clouds
560,Anantapur,IN,14.6833,77.6,75.99,86,95,7.38,overcast clouds
561,Baiquan,CN,47.5833,126.0833,45.07,61,0,11.7,clear sky
562,Vila,PT,42.0304,-8.1588,53.71,66,75,4.74,broken clouds
563,Gospic,HR,44.5461,15.3747,42.49,97,100,10.54,overcast clouds
564,Hervey Bay,AU,-25.2986,152.8535,81.03,65,11,13.85,few clouds
565,Anloga,GH,5.7947,0.8973,78.66,85,59,7.65,light rain
566,Vestmanna,FO,62.1564,-7.1664,41.92,93,90,1.14,drizzle
567,Westerland,DE,54.9079,8.3033,55.42,71,75,12.66,broken clouds
568,Telde,ES,27.9924,-15.4192,70.41,75,20,3.0,few clouds
569,Port Blair,IN,11.6667,92.75,78.84,89,75,5.75,mist
570,Mareeba,AU,-17.0,145.4333,84.33,60,18,1.95,few clouds
571,Mpika,ZM,-11.8343,31.4529,65.41,46,44,6.24,scattered clouds
572,Beloha,MG,-25.1667,45.05,67.46,82,52,13.38,light rain
573,Sao Felix Do Xingu,BR,-6.6447,-51.995,79.83,64,100,1.59,overcast clouds
574,Bilma,NE,18.6853,12.9164,81.88,11,34,7.4,scattered clouds
575,Kedrovyy,RU,56.1667,91.8167,34.21,99,100,2.26,overcast clouds
576,Roebourne,AU,-20.7833,117.1333,78.51,27,9,21.92,clear sky
577,Nouadhibou,MR,20.931,-17.0347,69.04,83,0,20.51,clear sky
578,Svetlyy,RU,54.675,20.1347,35.65,67,0,10.54,clear sky
579,Magadi,IN,12.9667,77.2333,71.76,96,67,4.5,broken clouds
580,La Reforma,MX,25.0833,-108.05,93.15,61,6,9.51,clear sky
581,Dunedin,NZ,-45.8742,170.5036,55.8,71,100,11.99,overcast clouds
582,Vao,NC,-22.6667,167.4833,70.48,63,4,13.27,clear sky
583,Adolfo Lopez Mateos,MX,28.4667,-107.3,70.93,41,0,17.09,clear sky
584,Ostrovnoy,RU,68.0531,39.5131,42.91,94,100,3.96,overcast clouds
585,Constitucion,CL,-35.3333,-72.4167,53.69,82,0,12.17,clear sky
586,Xining,CN,36.6167,101.7667,40.15,73,3,2.04,clear sky
587,Arua,UG,3.0201,30.9111,64.33,93,69,2.37,broken clouds
588,Coquimbo,CL,-29.9533,-71.3436,56.93,76,0,4.61,clear sky
589,Rovinj,HR,45.08,13.64,55.29,73,100,20.96,overcast clouds
590,Vangaindrano,MG,-23.35,47.6,67.57,90,53,4.23,broken clouds
591,Miguel Calmon,BR,-11.4289,-40.595,73.62,64,7,7.78,clear sky
592,Talara,PE,-4.5772,-81.2719,65.12,89,31,14.0,scattered clouds
593,Gubkinskiy,RU,64.434,76.5026,26.98,87,51,10.74,broken clouds
594,San Carlos De Bariloche,AR,-41.1456,-71.3082,49.75,57,40,19.57,scattered clouds
595,Evensk,RU,61.95,159.2333,28.92,85,99,5.5,overcast clouds
596,Kalmunai,LK,7.4167,81.8167,79.77,78,99,3.36,moderate rain
597,Annau,TM,37.8876,58.516,42.3,45,8,2.3,clear sky
598,Kavaratti,IN,10.5669,72.642,82.11,81,99,15.12,overcast clouds
599,Dire,ML,12.2833,-10.9667,75.72,89,100,3.94,overcast clouds
600,Kinlochleven,GB,56.7115,-4.9661,51.75,90,91,4.59,overcast clouds
601,Shasta Lake,US,40.6804,-122.3708,81.32,25,16,1.99,few clouds
602,Fort Morgan,US,40.2503,-103.8,63.25,31,90,6.91,overcast clouds
603,Boyolangu,ID,-8.1181,111.8935,77.04,78,98,7.52,overcast clouds
604,Surt,LY,31.2089,16.5887,75.43,69,72,11.14,broken clouds
605,Chapais,CA,49.7834,-74.8492,56.98,95,100,7.99,overcast clouds
606,Zhigansk,RU,66.7697,123.3711,32.5,97,100,13.33,overcast clouds
607,Barra Do Garcas,BR,-15.89,-52.2567,77.99,76,100,4.79,very heavy rain
608,Chowchilla,US,37.123,-120.2602,78.91,25,1,4.61,clear sky
609,Nelson,NZ,-41.2833,173.2833,65.8,63,100,6.42,overcast clouds
610,Northam,GB,51.0333,-4.2167,51.3,83,11,7.54,few clouds
611,Birsk,RU,55.4211,55.5428,43.57,93,100,4.79,overcast clouds
612,Dudinka,RU,69.4058,86.1778,21.06,92,100,6.46,overcast clouds
613,Mehamn,NO,71.0357,27.8492,44.69,87,100,5.46,overcast clouds
614,Bonavista,CA,48.6499,-53.1147,43.12,75,58,25.34,broken clouds
615,Sulphur,US,30.2366,-93.3774,81.21,78,90,8.05,overcast clouds
616,Buchanan,LR,5.8808,-10.0467,77.14,89,100,4.14,light rain
617,Yar-Sale,RU,66.8333,70.8333,26.78,82,53,7.14,broken clouds
618,Taoudenni,ML,22.6783,-3.9836,89.38,10,51,4.61,broken clouds
619,Nabire,ID,-3.3667,135.4833,83.75,75,94,0.58,overcast clouds
620,Sembe,CG,1.6481,14.5806,69.35,99,99,1.97,overcast clouds
621,Delijan,IR,33.9905,50.6838,54.25,41,0,2.82,clear sky
622,Vostok,RU,46.4856,135.8833,38.52,82,100,14.34,overcast clouds
623,Puerto Palomas,MX,31.7667,-107.6167,72.73,20,0,17.36,clear sky
624,Barcelos,PT,41.5388,-8.6151,68.85,47,73,7.16,broken clouds
625,Bonoua,CI,5.2741,-3.595,80.22,93,100,4.9,moderate rain
626,Yulara,AU,-25.2406,130.9889,62.44,51,2,17.27,clear sky
627,Karratha,AU,-20.7377,116.8463,78.89,30,6,21.59,clear sky
628,Luancheng,CN,37.8792,114.6517,51.96,58,100,1.77,overcast clouds
629,Bulgan,MN,48.8125,103.5347,36.14,50,1,1.97,clear sky
630,Devli,IN,25.75,75.3833,77.05,56,0,4.41,clear sky
631,Wangqing,CN,43.3218,129.7634,49.57,55,0,5.26,clear sky
632,Honiara,SB,-9.4333,159.95,84.65,75,89,5.44,overcast clouds
633,Smoky Lake,CA,54.1169,-112.4686,45.32,53,93,11.5,overcast clouds
634,Mogoytuy,RU,51.2833,114.9167,38.77,59,1,2.91,clear sky
635,Ambon,ID,-3.6954,128.1814,84.34,89,20,2.3,few clouds
636,Tutoia,BR,-2.7619,-42.2744,80.24,78,37,14.58,scattered clouds
637,Palu,ID,-0.8917,119.8707,78.19,88,100,2.42,overcast clouds
638,Presidencia Roque Saenz Pena,AR,-26.7852,-60.4388,69.1,93,18,5.91,few clouds
639,Touros,BR,-5.1989,-35.4608,79.7,77,25,14.05,scattered clouds
640,Muyezerskiy,RU,63.9333,31.65,48.78,90,100,12.97,overcast clouds
641,Leskovac,RS,42.9981,21.9461,54.63,94,99,1.41,overcast clouds
642,Kizlyar,RU,43.8469,46.715,57.52,71,91,12.17,overcast clouds
643,Huarmey,PE,-10.0681,-78.1522,64.42,88,53,7.52,broken clouds
644,Turayf,SA,31.6725,38.6637,64.65,32,0,9.22,clear sky
645,Montrose,US,38.4166,-108.2673,46.72,42,8,6.93,clear sky
646,Aranos,NA,-24.1333,19.1167,61.79,17,0,8.93,clear sky
647,Skibbereen,IE,51.55,-9.2667,49.8,87,26,5.01,scattered clouds
648,Udachnyy,RU,66.4167,112.4,21.18,92,100,19.28,light snow
649,Dongargaon,IN,20.9667,80.85,69.64,75,20,2.13,few clouds
650,Praia,CV,14.9215,-23.5087,79.34,78,20,17.27,few clouds
651,Shu,KZ,43.5983,73.7614,42.13,72,96,10.87,overcast clouds
652,Scottsbluff,US,41.8666,-103.6672,65.52,29,1,5.99,clear sky
653,Saint Anthony,US,45.0205,-93.218,63.55,68,90,5.99,overcast clouds
654,Saint-Paul,RE,-21.0096,55.2707,71.69,75,0,0.94,clear sky
655,Rach Gia,VN,10.0167,105.0833,82.35,84,100,11.41,overcast clouds
656,Verkhniy Avzyan,RU,53.5289,57.5372,41.07,95,100,2.46,overcast clouds
657,Isoka,ZM,-10.1606,32.6335,66.22,49,72,1.81,broken clouds
658,Yagodnoye,RU,62.55,149.6667,17.51,71,12,2.42,few clouds
659,Myitkyina,MM,25.3833,97.4,74.68,91,13,1.88,few clouds
660,Hundested,DK,55.9667,11.8667,49.86,95,80,16.04,broken clouds
661,Asau,RO,46.4333,26.4,39.76,49,47,1.99,scattered clouds
662,Tezu,IN,27.9167,96.1667,74.32,74,2,3.02,clear sky
663,Goma,CD,-1.6792,29.2228,64.72,85,100,2.84,overcast clouds
664,Honningsvag,NO,70.9821,25.9704,46.08,85,100,9.66,overcast clouds
665,Plyussa,RU,58.4308,29.3654,40.84,73,32,6.96,scattered clouds
666,Umm Lajj,SA,25.0213,37.2685,86.74,49,0,5.95,clear sky
667,Magaria,NE,12.9983,8.9099,83.1,21,100,2.86,overcast clouds
668,Briancon,FR,44.9,6.65,41.38,74,9,2.68,clear sky
669,Nioro,GM,13.35,-15.75,77.04,87,62,4.85,broken clouds
